FileSplit,Group,Model Id,Estimator,Score,Fit Time
1,Regressors,1381433139,LinearRegression,0.14164296997058656,2.2708497047424316
1,Regressors,3419610164,Lasso,0.1416183814962435,0.29901647567749023
1,Regressors,2444355376,Ridge,0.14163694271512023,0.2260127067565918
1,Regressors,3136701883,ElasticNet,0.14157483674522725,3.161221742630005
1,Regressors,2014076788,RandomForestRegressor,0.11605437701930639,73.65996789932251
1,Regressors,3674412870,AdaBoostRegressor,0.07033413672172402,41.18910050392151
1,Regressors,3942552818,BaggingRegressor,0.07838167477739887,16.39607834815979
